Business Name,Website URLs,Email,Phone Number,Address,Business Type
1803 NYC,https://1803nyc.com/,1803nyc@gmail.com,201-596-8722,"82 Reade St, New York, NY 10007",Restaurant
Schilling Restaurant & Bar,https://www.schillingnyc.com/,eat@schillingnyc.com,212-406-1200,"109 Washington St, New York, NY 10006",Restaurant
SAGA NYC,https://www.saga-nyc.com/,reservations@saga-nyc.com,212-339-3963,"70 Pine St 63rd Floor, New York, NY 10005",Restaurant
Hearth,https://www.restauranthearth.com/,info@restauranthearth.com,646-602-1300,"403 E 12th St, New York, NY 10009",Restaurant
Le Coucou,https://lecoucou.com/,lecoucou.info@starr-restaurants.com,212-271-4252,"138 Lafayette St, New York, NY 10013",Restaurant
Bestia,https://bestiala.com/,info@bestiala.com,213-514-5724,"2121 E 7th Pl, Los Angeles, CA 90021",Restaurant
Orsa & Winston,http://www.orsaandwinston.com/,info@orsaandwinston.com,213-687-0300,"122 4th St, Los Angeles, CA 90013",Restaurant
Otium,https://otiumla.com/,info@otiumla.com,213-935-8500,"222 S Hope St, Los Angeles, CA 90012",Restaurant
71Above,http://www.71above.com/,info@71above.com,213-712-2683,"633 W 5th St 71st floor, Los Angeles, CA 90071",Restaurant
Cabra Los Angeles,https://cabralosangeles.com,info@cabralosangeles.com,213-725-5858,"1060 S Broadway, Los Angeles, CA 90015",Restaurant
Maccheroni Republic,https://maccheronirepublic.com/,maccheronirepublicdtla@gmail.com,213-346-9725,"332 S Broadway, Los Angeles, CA 90013",Restaurant
Water Grill,https://www.watergrill.com/,contactus@watergrill.com,213-891-0900,"544 S Grand Ave, Los Angeles, CA 90071",Restaurant
Magnolia Bakery,https://www.magnoliabakery.com/,hello@magnoliabakery.com,323-951-0636,"8389 W 3rd St, Los Angeles, CA 90048",Bakery
Lark Cake Shop,https://larkcakeshop.com/,pasadenainfo@larkcakeshop.com,323-667-2968,"3337 Sunset Blvd, Los Angeles, CA 90026",Bakery
Mwokaji Cakery,https://www.mwokajicakery.com/,mwokajicakery@gmail.com,213-372-5041,"201 N Los Angeles St UNIT 8, Los Angeles, CA 90012",Bakery
Cake Monkey Bakery,https://www.cakemonkey.com/,info@cakemonkey.com,323-932-1142,"7807 Beverly Blvd, Los Angeles, CA 90036",Bakery
Sweet E's Bake Shop,https://www.sweetesbakeshop.com/,hello@sweetesbakeshop.com,323-422-8885,"4574 W Adams Blvd, Los Angeles, CA 90016",Bakery
Goldstar Bakery,http://www.goldstarbakery.com/,info@goldstarbakery.com,323-741-8522,"5216 Sunset Blvd, Los Angeles, CA 90027",Bakery
Big Sugar Bakeshop,https://www.bigsugarbakeshop.com/,info@bigsugarbakeshop.com,213-489-1201,"612 Flower St, Los Angeles, CA 90017",Bakery
Butter Cake Shoppe,https://www.buttercakeshoppe.com/,letsparty@buttercakeshoppe.com,323-528-8837,"1627 Hillhurst Ave, Los Angeles, CA 90027",Bakery
JUNK Relief,https://junkrelief.com/,info@junkrelief.com,312-800-1940,"2010 W Fulton St suite f-252, Chicago, IL 60612",Waste management service
Clear Space Junk Removal,https://www.clearspacejunkremoval.com/,admin@clearspacejunkremoval.com,773-658-7292,"7751 S Kolmar Ave, Chicago, IL 60652",Waste management service
All In One Junk Removal,https://allinonejunk.com/,vas@allinonejunk.com,847-371-1899,"6211 W Touhy Ave unit c, Chicago, IL 60646",Waste management service
Mr Junkman,https://mr-junkman.com/,info@mr-junkman.com,773-347-3188,"3145 W Roosevelt Rd, Chicago, IL 60612",Waste management service
All Clear Clean Out & Junk Removal Services,https://allclearcleanout.com,allclearcleanoutservices@gmail.com,312-265-1161,"1350 N Astor St, Chicago, IL 60610",Waste management service
RMS Auto Care,https://rmsautocare.com/,service@rmsautocare.com,713-529-5855,"1759 Westheimer Rd Central, Houston, TX 77098",Auto repair shop
Midtown Auto Service & Repair,http://midtownautoservice.net/,ron102657@yahoo.com,713-523-2886,"4510 Almeda Rd, Houston, TX 77004",Auto repair shop
Ron's Downtown Auto Service,https://www.ronsdowntownauto.com/,service@ronsdowntownauto.com,713-520-0310,"406 Dennis St, Houston, TX 77006",Auto repair shop
River Oaks Automotive Center,https://www.riveroaksautomotivecenter.com/,roac@riveroaksautomotivecenter.com,713-627-2886,"3800 W Alabama St, Houston, TX 77027",Auto repair shop
Uptown Automotive,https://www.myuptownautomotive.com/,info@myuptownautomotive.com,713-668-3639,"1212 E 28th St, Houston, TX 77009",Auto repair shop